app,URL,action,Základní_A,Základní_B,Základní_C,Základní_D,Základní_E,Stav_B,Stav_C,Stav_D,Stav_E,Vlastnictví_B,Vlastnictví_C,Vlastnictví_D,Vlastnictví_E,Přístupnost_B,Přístupnost_C,Přístupnost_D,Přístupnost_E,spec
accounts,activate/,,*,*,*,*,*,*,*,*,*,*,*,*,*,*,*,*,*,
accounts,activate/complete/,,*,*,*,*,*,*,*,*,*,*,*,*,*,*,*,*,*,
accounts,login/,,*,*,*,*,*,*,*,*,*,*,*,*,*,*,*,*,*,
accounts,logout/,,X,*,*,*,*,*,*,*,*,*,*,*,*,*,*,*,*,
accounts,password_change/,,X,X,X,X,*,X,X,X,*,X,X,X,*,X,X,X,*,
accounts,password_change/done/,,X,X,X,X,*,X,X,X,*,X,X,X,*,X,X,X,*,
accounts,password_reset,,*,*,*,*,*,*,*,*,*,*,*,*,*,*,*,*,*,
accounts,password_reset/,,*,*,*,*,*,*,*,*,*,*,*,*,*,*,*,*,*,
accounts,password_reset/done/,,*,*,*,*,*,*,*,*,*,*,*,*,*,*,*,*,*,
accounts,register/,,*,*,*,*,*,*,*,*,*,*,*,*,*,*,*,*,*,
accounts,register/closed/,,*,*,*,*,*,*,*,*,*,*,*,*,*,*,*,*,*,
accounts,register/complete/,,*,*,*,*,*,*,*,*,*,*,*,*,*,*,*,*,*,
accounts,reset/<uidb64>/<token>/,,*,*,*,*,*,*,*,*,*,*,*,*,*,*,*,*,*,
accounts,reset/done/,,*,*,*,*,*,*,*,*,*,*,*,*,*,*,*,*,*,
adb,smazat/<str:ident_cely>,adb_smazat,X,*,*,*,*,AZ1,AZ1,<AZ3,<AZ3,AZ.my,AZ.ours,*,*,*,*,*,*,
adb,vb/smazat/<str:ident_cely>,vb_smazat,X,*,*,*,*,AZ1,AZ1,<AZ3,<AZ3,AZ.my,AZ.ours,*,*,*,*,*,*,
adb,zapsat/<str:dj_ident_cely>,adb_zapsat,X,*,*,*,*,AZ1,AZ1,<AZ3,<AZ3,AZ.my,AZ.ours,*,*,*,*,*,*,
admin,/,,X,X,X,X,*,X,X,X,*,X,X,X,*,X,X,X,*,
api,token-auth/,,*,*,*,*,*,*,*,*,*,*,*,*,*,*,*,*,*,
api,uzivatel-info/,,*,*,*,*,*,*,*,*,*,*,*,*,*,*,*,*,*,
arch-z,akce/,,X,*,*,*,*,*,*,*,*,*,*,*,*,*,*,*,*,skrýt `Naše akce` pro <C a `Archivovat` pro <D
arch-z,akce/detail/<str:ident_cely>,,X,*,*,*,*,*,*,*,*,*,*,*,*,AZ (my),AZ (ours),*,*,
arch-z,akce/detail/<str:ident_cely>/dj/<str:dj_ident_cely>,,X,*,*,*,*,*,*,*,*,*,*,*,*,AZ (my),AZ (ours),*,*,
arch-z,akce/detail/<str:ident_cely>/dj/<str:dj_ident_cely>/adb/zapsat,archz_adb_zapsat,X,*,*,*,*,AZ1,AZ1,<AZ3,<AZ3,AZ.my,AZ.ours,*,*,*,*,*,*,
arch-z,akce/detail/<str:ident_cely>/dj/<str:dj_ident_cely>/komponenta/detail/<str:komponenta_ident_cely>,,X,*,*,*,*,*,*,*,*,*,*,*,*,AZ (my),AZ (ours),*,*,
arch-z,akce/detail/<str:ident_cely>/dj/<str:dj_ident_cely>/komponenta/zapsat,archz_komponenta_zapsat,X,*,*,*,*,AZ1,AZ1,<AZ3,<AZ3,AZ.my,AZ.ours,*,*,*,*,*,*,
arch-z,akce/detail/<str:ident_cely>/dj/<str:dj_ident_cely>/pian/edit/<str:pian_ident_cely>,archz_pian_edit,X,*,*,*,*,AZ1,AZ1,<AZ3,<AZ3,AZ.my,AZ.ours,*,*,*,*,*,*,Pouze pro PI1 (hardcoded).
arch-z,akce/detail/<str:ident_cely>/dj/<str:dj_ident_cely>/pian/zapsat,archz_pian_zapsat,X,*,*,*,*,AZ1,AZ1,<AZ3,<AZ3,AZ.my,AZ.ours,*,*,*,*,*,*,
arch-z,akce/detail/<str:ident_cely>/dj/zapsat,archz_dj_zapsat,X,*,*,*,*,AZ1,AZ1,<AZ3,<AZ3,AZ.my,AZ.ours,*,*,*,*,*,*,
arch-z,akce/edit/<str:ident_cely>,archz_edit,X,*,*,*,*,AZ1,AZ1,<AZ3,<AZ3,AZ.my,AZ.ours,*,*,*,*,*,*,
arch-z,akce/smazat/<str:ident_cely>,archz_smazat,X,*,*,*,*,AZ1,AZ1,<AZ3,<AZ3,AZ.my,AZ.ours,*,*,*,*,*,*,
arch-z,akce/vedouci/smazat/<str:ident_cely>/<int:akce_vedouci_id>,archz_vedouci_smazat,X,*,*,*,*,AZ1,AZ1,<AZ3,<AZ3,AZ.my,AZ.ours,*,*,*,*,*,*,
arch-z,akce/vyber,,X,*,*,*,*,*,*,*,*,*,*,*,*,AZ (my),AZ (ours),*,*,
arch-z,akce/zapsat,,X,*,*,*,*,*,*,*,*,*,*,*,*,*,*,*,*,
arch-z,akce/zapsat/<str:projekt_ident_cely>,archz_pripojit_do_proj,X,X,*,*,*,X,P3-P4,P3-P5,P3-P5,X,P.ours,*,*,X,*,*,*,vyloučeno pro typ průzkum
arch-z,akce/zmenit-proj-akci/<str:ident_cely>,archz_zmenit_proj,X,X,X,*,*,X,X,<AZ3,<AZ3,X,X,*,*,X,X,*,*,
arch-z,akce/zmenit-sam-akci/<str:ident_cely>,archz_zmenit_sam,X,X,X,*,*,X,X,<AZ3,<AZ3,X,X,*,*,X,X,*,*,
arch-z,autocomplete/<str:type>,,X,*,*,*,*,*,*,*,*,AZ.my,AZ.ours,*,*,*,*,*,*,
arch-z,dokument/odpojit/<str:arch_z_ident_cely>/<str:ident_cely>,archz_odpojit_dokument,X,*,*,*,*,AZ1,AZ1,<AZ3,<AZ3,AZ.my,AZ.ours,*,*,*,*,*,*,
arch-z,dokument/pripojit/<str:arch_z_ident_cely>,archz_pripojit_dok,X,*,*,*,*,AZ1,AZ1,<AZ3,<AZ3,AZ.my,AZ.ours,*,*,*,*,*,*,
arch-z,dokument/pripojit/<str:arch_z_ident_cely>,archz_pripojit_dok_proj,X,X,*,*,*,X,AZ1,<AZ3,<AZ3,X,AZ.ours,*,*,X,*,*,*,
arch-z,dokument/pripojit/<str:arch_z_ident_cely>/<str:proj_ident_cely>,archz_pripojit_proj,X,X,*,*,*,X,AZ1,<AZ3,<AZ3,X,AZ.ours,*,*,X,*,*,*,
arch-z,mapa-dalsi-katastry,,X,*,*,*,*,AZ1,AZ1,*,*,AZ.my,AZ.ours,*,*,*,*,*,*,
arch-z,mapa-zoom,,X,*,*,*,*,*,*,*,*,*,*,*,*,*,*,*,*,
arch-z,radek-tabulky-odkaz,,X,*,*,*,*,*,*,*,*,*,*,*,*,AZ (my),AZ (ours),*,*,
arch-z,stav/archivovat/<str:ident_cely>,archz_archivovat,X,X,X,*,*,X,X,AZ2,AZ2,X,X,*,*,X,X,*,*,
arch-z,stav/odeslat/<str:ident_cely>,archz_odeslat,X,*,*,*,*,AZ1,AZ1,AZ1,AZ1,AZ.my,AZ.ours,*,*,*,*,*,*,
arch-z,stav/vratit/<str:ident_cely>,archz_vratit,X,X,X,*,*,X,X,>AZ1,>AZ1,X,X,*,*,X,X,*,*,
arch-z/lokalita,/,,X,*,*,*,*,*,*,*,*,*,*,*,*,*,*,*,*,skrýt `Naše lokality` pro <C a `Archivovat` pro <D
arch-z/lokalita,detail/<slug:slug>,,X,*,*,*,*,*,*,*,*,*,*,*,*,AZ (my),AZ (ours),*,*,
arch-z/lokalita,detail/<slug:slug>/dj/<str:dj_ident_cely>,,X,*,*,*,*,*,*,*,*,*,*,*,*,AZ (my),AZ (ours),*,*,
arch-z/lokalita,detail/<slug:slug>/dj/<str:dj_ident_cely>/komponenta/detail/<str:komponenta_ident_cely>,,X,*,*,*,*,*,*,*,*,*,*,*,*,AZ (my),AZ (ours),*,*,
arch-z/lokalita,detail/<slug:slug>/dj/<str:dj_ident_cely>/komponenta/zapsat,lokalita_komponenta_zapsat,X,*,*,*,*,AZ1,AZ1,<AZ3,<AZ3,AZ.my,AZ.ours,*,*,*,*,*,*,
arch-z/lokalita,detail/<slug:slug>/dj/<str:dj_ident_cely>/pian/edit/<str:pian_ident_cely>,lokalita_pian_edit,X,*,*,*,*,AZ1,AZ1,<AZ3,<AZ3,AZ.my,AZ.ours,*,*,*,*,*,*,Pouze pro PI1 (hardcoded).
arch-z/lokalita,detail/<slug:slug>/dj/<str:dj_ident_cely>/pian/zapsat,lokalita_pian_zapsat,X,*,*,*,*,AZ1,AZ1,<AZ3,<AZ3,AZ.my,AZ.ours,*,*,*,*,*,*,
arch-z/lokalita,detail/<slug:slug>/dj/zapsat,lokalita_dj_zapsat,X,*,*,*,*,AZ1,AZ1,<AZ3,<AZ3,AZ.my,AZ.ours,*,*,*,*,*,*,
arch-z/lokalita,edit/<slug:slug>,lokalita_edit,X,*,*,*,*,AZ1,AZ1,<AZ3,<AZ3,AZ.my,AZ.ours,*,*,*,*,*,*,
arch-z/lokalita,vyber,,X,*,*,*,*,*,*,*,*,*,*,*,*,AZ (my),AZ (ours),*,*,
arch-z/lokalita,zapsat,,X,*,*,*,*,*,*,*,*,*,*,*,*,*,*,*,*,
core,/,,X,*,*,*,*,*,*,*,*,*,*,*,*,*,*,*,*,skrýt `Projekty` pro B a `Administrace` pro <E
core,abort-download-temp-value,,X,*,*,*,*,*,*,*,*,*,*,*,*,*,*,*,*,
core,application-restart,,X,X,X,X,*,X,X,X,*,X,X,X,*,X,X,X,*,
core,data-historicka/stahnout/<str:model_name>/<str:ident_cely>/<str:timestamp>,,X,X,X,*,*,X,X,*,*,X,X,*,*,X,X,*,*,
core,data-import-progress/<str:job_id>,,X,X,X,X,*,X,X,X,*,X,X,X,*,X,X,X,*,
core,data-import-stop/<str:job_id>,,X,X,X,X,*,X,X,X,*,X,X,X,*,X,X,X,*,
core,delete-temp-value,,X,*,*,*,*,*,*,*,*,*,*,*,*,*,*,*,*,
core,check-authentication,,*,*,*,*,*,*,*,*,*,*,*,*,*,*,*,*,*,
core,id/<str:ident_cely>,,X,*,*,*,*,*,*,*,*,*,*,*,*,*,*,*,*,
core,mapa-pian-pas,mapa_pas,X,*,*,*,*,* | SN4,* | SN4,*,*,SN.my | *,SN.ours | *,*,*,* | SN (my),* | SN (ours),*,*,
core,mapa-pian-pas,mapa_pian,X,*,*,*,*,* | PI2,* | PI2,*,*,PI.my | *,PI.ours | *,*,*,* | PI (my),* | PI (ours),*,*,
core,metrics,,*,*,*,*,*,*,*,*,*,*,*,*,*,*,*,*,*,zavřít mimo localhost
core,read-temp-value,,X,*,*,*,*,*,*,*,*,*,*,*,*,*,*,*,*,
core,rosetta/files/<str:po_filter>/,,X,X,X,X,*,X,X,X,*,X,X,X,*,X,X,X,*,
core,rosetta/files/<str:po_filter>/<str:lang_id>/<int:idx>/,,X,X,X,X,*,X,X,X,*,X,X,X,*,X,X,X,*,
core,rosetta/files/<str:po_filter>/<str:lang_id>/<int:idx>/download/,,X,X,X,X,*,X,X,X,*,X,X,X,*,X,X,X,*,
core,rosetta/files/<str:po_filter>/<str:lang_id>/<int:idx>/smazat/,,X,X,X,X,*,X,X,X,*,X,X,X,*,X,X,X,*,
core,rosetta/files/import/<str:po_filter>/<str:lang_id>/<int:idx>/,,X,X,X,X,*,X,X,X,*,X,X,X,*,X,X,X,*,
core,session/prodlouzit/,,X,*,*,*,*,*,*,*,*,*,*,*,*,*,*,*,*,
core,soubor/nahrat/<str:typ_vazby>/<str:ident_cely>,soubor_nahrat_model3d,X,*,*,*,*,D1,D1,<D3,<D3,D.my,D.ours,*,*,*,*,*,*,
core,soubor/nahrat/<str:typ_vazby>/<str:ident_cely>,soubor_nahrat_dokument,X,*,*,*,*,D1,D1,<D3,<D3,D.my,D.ours,*,*,*,*,*,*,
core,soubor/nahrat/<str:typ_vazby>/<str:ident_cely>,soubor_nahrat_pas,X,*,*,*,*,SN1,<SN3,<SN4,<SN4,SN.my,SN.ours,*,*,*,*,*,*,
core,soubor/nahrat/<str:typ_vazby>/<str:ident_cely>,soubor_nahrat_projekt,X,X,*,*,*,X,P2-P4,<P6,<P6,X,P.ours,*,*,X,*,*,*,
core,soubor/nahrat/<str:typ_vazby>/nahradit/<str:ident_cely>/<int:file_id>,soubor_nahradit_dokument,X,*,*,*,*,D1,D1,<D3,<D3,D.my,D.ours,*,*,*,*,*,*,
core,soubor/nahrat/<str:typ_vazby>/nahradit/<str:ident_cely>/<int:file_id>,soubor_nahradit_model3d,X,*,*,*,*,D1,D1,<D3,<D3,D.my,D.ours,*,*,*,*,*,*,
core,soubor/nahrat/<str:typ_vazby>/nahradit/<str:ident_cely>/<int:file_id>,soubor_nahradit_pas,X,*,*,*,*,SN1,<SN3,<SN4,<SN4,SN.my,SN.ours,*,*,*,*,*,*,
core,soubor/nahrat/odeslat/<str:typ_vazby>/<str:ident_cely>,,*,*,*,*,*,*,*,*,*,*,*,*,*,*,*,*,*,pouze pro aktuálně oznamovaný projekt
core,soubor/nahrat/odeslat/<str:typ_vazby>/<str:ident_cely>,soubor_nahrat_model3d,X,*,*,*,*,D1,D1,<D3,<D3,D.my,D.ours,*,*,*,*,*,*,
core,soubor/nahrat/odeslat/<str:typ_vazby>/<str:ident_cely>,soubor_nahrat_dokument,X,*,*,*,*,D1,D1,<D3,<D3,D.my,D.ours,*,*,*,*,*,*,
core,soubor/nahrat/odeslat/<str:typ_vazby>/<str:ident_cely>,soubor_nahrat_pas,X,*,*,*,*,SN1,<SN3,<SN4,<SN4,SN.my,SN.ours,*,*,*,*,*,*,
core,soubor/nahrat/odeslat/<str:typ_vazby>/<str:ident_cely>,soubor_nahrat_projekt,X,X,*,*,*,X,P2-P4,<P6,<P6,X,P.ours,*,*,X,*,*,*,
core,soubor/nahrat/odeslat/<str:typ_vazby>/<str:ident_cely>/<int:file_id>,soubor_nahradit_dokument,X,*,*,*,*,D1,D1,<D3,<D3,D.my,D.ours,*,*,*,*,*,*,
core,soubor/nahrat/odeslat/<str:typ_vazby>/<str:ident_cely>/<int:file_id>,soubor_nahradit_model3d,X,*,*,*,*,D1,D1,<D3,<D3,D.my,D.ours,*,*,*,*,*,*,
core,soubor/nahrat/odeslat/<str:typ_vazby>/<str:ident_cely>/<int:file_id>,soubor_nahradit_pas,X,*,*,*,*,SN1,<SN3,<SN4,<SN4,SN.my,SN.ours,*,*,*,*,*,*,
core,soubor/smazat-DZ/<str:typ_vazby>/<str:ident_cely>/<int:pk>,,*,*,*,*,*,*,*,*,*,*,*,*,*,*,*,*,*,
core,soubor/smazat/<str:typ_vazby>/<str:ident_cely>/<int:pk>,soubor_smazat_projekt,X,X,X,*,*,X,X,<P6 | >P6,<P6 | >P6,X,X,*,*,X,X,*,*,
core,soubor/smazat/<str:typ_vazby>/<str:ident_cely>/<int:pk>,soubor_smazat_model3d,X,*,*,*,*,D1,D1,<D3,<D3,D.my,D.ours,*,*,*,*,*,*,
core,soubor/smazat/<str:typ_vazby>/<str:ident_cely>/<int:pk>,soubor_smazat_dokument,X,*,*,*,*,D1,D1,<D3,<D3,D.my,D.ours,*,*,*,*,*,*,
core,soubor/smazat/<str:typ_vazby>/<str:ident_cely>/<int:pk>,soubor_smazat_pas,X,*,*,*,*,SN1,<SN3,<SN4,<SN4,SN.my,SN.ours,*,*,*,*,*,*,
core,soubor/stahnout-nahled-velky/<str:typ_vazby>/<str:ident_cely>/<int:pk>,soubor_nahled_projekt,X,X,*,*,*,X,P1 | P2-P6,*,*,X,* | P.ours,*,*,X,*,*,*,
core,soubor/stahnout-nahled-velky/<str:typ_vazby>/<str:ident_cely>/<int:pk>,soubor_nahled_model3d,X,*,*,*,*,* | D3,* | D3,*,*,D.my | *,D.ours | *,*,*,*,*,*,*,
core,soubor/stahnout-nahled-velky/<str:typ_vazby>/<str:ident_cely>/<int:pk>,soubor_nahled_dokument,X,*,*,*,*,* | D3,* | D3,*,*,D.my | *,D.ours | *,*,*,* | D (my),* | D (ours),*,*,
core,soubor/stahnout-nahled-velky/<str:typ_vazby>/<str:ident_cely>/<int:pk>,soubor_nahled_pas,X,*,*,*,*,* | SN4,* | SN4,*,*,SN.my | *,SN.ours | *,*,*,* | SN (my),* | SN (ours),*,*,
core,soubor/stahnout-nahled/<str:typ_vazby>/<str:ident_cely>/<int:pk>,soubor_nahled_projekt,X,X,*,*,*,X,*,*,*,X,*,*,*,X,*,*,*,
core,soubor/stahnout-nahled/<str:typ_vazby>/<str:ident_cely>/<int:pk>,soubor_nahled_model3d,X,*,*,*,*,*,*,*,*,*,*,*,*,*,*,*,*,
core,soubor/stahnout-nahled/<str:typ_vazby>/<str:ident_cely>/<int:pk>,soubor_nahled_dokument,X,*,*,*,*,*,*,*,*,*,*,*,*,*,*,*,*,
core,soubor/stahnout-nahled/<str:typ_vazby>/<str:ident_cely>/<int:pk>,soubor_nahled_pas,X,*,*,*,*,*,*,*,*,*,*,*,*,*,*,*,*,
core,soubor/stahnout/<str:typ_vazby>/<str:ident_cely>/<int:pk>,soubor_stahnout_projekt,X,X,*,*,*,X,P1 | P2-P6,*,*,X,* | P.ours,*,*,X,*,*,*,
core,soubor/stahnout/<str:typ_vazby>/<str:ident_cely>/<int:pk>,soubor_stahnout_model3d,X,*,*,*,*,* | D3,* | D3,*,*,D.my | *,D.ours | *,*,*,*,*,*,*,
core,soubor/stahnout/<str:typ_vazby>/<str:ident_cely>/<int:pk>,soubor_stahnout_dokument,X,*,*,*,*,* | D3,* | D3,*,*,D.my | *,D.ours | *,*,*,* | D (my),* | D (ours),*,*,
core,soubor/stahnout/<str:typ_vazby>/<str:ident_cely>/<int:pk>,soubor_stahnout_pas,X,*,*,*,*,* | SN4,* | SN4,*,*,SN.my | *,SN.ours | *,*,*,* | SN (my),* | SN (ours),*,*,
dj,detail/<str:typ_vazby>/<str:ident_cely>,akce_dj_zakladni,X,*,*,*,*,*,*,*,*,*,*,*,*,AZ (my),AZ (ours),*,*,
dj,detail/<str:typ_vazby>/<str:ident_cely>,akce_pripojit_pian_mapa,X,*,*,*,*,AZ1,AZ1,<AZ3,<AZ3,AZ.my,AZ.ours,*,*,*,*,*,*,
dj,detail/<str:typ_vazby>/<str:ident_cely>,akce_pripojit_pian_id,X,X,X,*,*,X,X,<AZ3,<AZ3,X,X,*,*,X,X,*,*,
dj,detail/<str:typ_vazby>/<str:ident_cely>,lokalita_dj_zakladni,X,*,*,*,*,*,*,*,*,*,*,*,*,AZ (my),AZ (ours),*,*,
dj,detail/<str:typ_vazby>/<str:ident_cely>,lokalita_pripojit_pian_mapa,X,*,*,*,*,AZ1,AZ1,<AZ3,<AZ3,AZ.my,AZ.ours,*,*,*,*,*,*,
dj,detail/<str:typ_vazby>/<str:ident_cely>,lokalita_pripojit_pian_id,X,X,X,*,*,X,X,<AZ3,<AZ3,X,X,*,*,X,X,*,*,
dj,smazat/<str:ident_cely>,dj_smazat,X,*,*,*,*,AZ1,AZ1,<AZ3,<AZ3,AZ.my,AZ.ours,*,*,*,*,*,*,
dj,zapsat/<str:arch_z_ident_cely>,,X,*,*,*,*,AZ1,AZ1,<AZ3,<AZ3,AZ.my,AZ.ours,*,*,*,*,*,*,
dj,zmenit-katastr/<str:ident_cely>,dj_zmenit_katastr,X,*,*,*,*,AZ1,AZ1,<AZ3,<AZ3,AZ.my,AZ.ours,*,*,*,*,*,*,
dokument,/,,X,*,*,*,*,*,*,*,*,*,*,*,*,*,*,*,*,skrýt `Naše dokumenty` pro <C a `Zapsat` + `Archivovat` pro <D
dokument,autocomplete,,X,*,*,*,*,*,*,*,*,D.my,D.ours,*,*,*,*,*,*,vyloučit řadu 3D
dokument,cast/edit/<slug:slug>,dok_cast_edit,X,X,X,*,*,X,X,<D3,<D3,X,X,*,*,X,X,*,*,
dokument,cast/odpojit/<str:ident_cely>,dok_cast_odpojit,X,X,X,*,*,X,X,<D3,<D3,X,X,*,*,X,X,*,*,
dokument,cast/pripojit-arch-z/<str:ident_cely>,dok_pripojit_archz,X,X,X,*,*,X,X,<D3,<D3,X,X,*,*,X,X,*,*,
dokument,cast/pripojit-projekt/<str:ident_cely>,dok_pripojit_proj,X,X,X,*,*,X,X,<D3,<D3,X,X,*,*,X,X,*,*,
dokument,cast/smazat/<str:ident_cely>,dok_cast_smazat,X,X,X,*,*,X,X,<D3,<D3,X,X,*,*,X,X,*,*,
dokument,cast/zapsat/<str:ident_cely>,dok_cast_zapsat,X,X,X,*,*,X,X,<D3,<D3,X,X,*,*,X,X,*,*,
dokument,detail/<str:ident_cely>,,X,*,*,*,*,*,*,*,*,*,*,*,*,*,*,*,*,
dokument,detail/<str:ident_cely>/cast/<str:cast_ident_cely>,,X,*,*,*,*,*,*,*,*,*,*,*,*,*,*,*,*,
dokument,detail/<str:ident_cely>/cast/<str:cast_ident_cely>/komponenta/zapsat,dok_komponenta_zapsat,X,*,*,*,*,D1,D1,<D3,<D3,D.my,D.ours,*,*,*,*,*,*,
dokument,detail/<str:ident_cely>/komponenta/<str:komp_ident_cely>,,X,*,*,*,*,*,*,*,*,*,*,*,*,*,*,*,*,
dokument,dokumenty-tabulka/<str:typ_vazby>/<str:ident_cely>,dokumenty_tabulka_arch_z,X,*,*,*,*,*,*,*,*,*,*,*,*,AZ (my),AZ (ours),*,*,
dokument,dokumenty-tabulka/<str:typ_vazby>/<str:ident_cely>,dokumenty_tabulka_projekt,X,X,*,*,*,X,P1-P8,*,*,X,*,*,*,X,P (ours),*,*,
dokument,edit/<str:ident_cely>,dok_edit,X,*,*,*,*,D1,D1,<D3,<D3,D.my,D.ours,*,*,*,*,*,*,
dokument,model/,,X,*,*,*,*,*,*,*,*,*,*,*,*,*,*,*,*,skrýt `Naše modely` pro <C a `Archivovat` pro <D
dokument,model/detail/<str:ident_cely>,,X,*,*,*,*,*,*,*,*,*,*,*,*,*,*,*,*,
dokument,model/edit/<str:ident_cely>,model_edit,X,*,*,*,*,D1,D1,<D3,<D3,D.my,D.ours,*,*,*,*,*,*,
dokument,model/mapa-3d,,X,*,*,*,*,*,*,*,*,*,*,*,*,*,*,*,*,
dokument,model/vyber,,X,*,*,*,*,*,*,*,*,*,*,*,*,*,*,*,*,
dokument,model/zapsat,,X,*,*,*,*,*,*,*,*,*,*,*,*,*,*,*,*,
dokument,neident-akce/smazat/<str:ident_cely>,neident_akce_smazat,X,X,X,*,*,X,X,<D3,<D3,X,X,*,*,X,X,*,*,
dokument,radek-tabulky-odkaz,,X,*,*,*,*,*,*,*,*,*,*,*,*,*,*,*,*,
dokument,radek-tabulky-odkaz-vratit,,X,X,X,*,*,X,X,D2,D2,X,X,*,*,X,X,*,*,
dokument,smazat/<str:ident_cely>,dok_smazat,X,*,*,*,*,D1,D1,<D3,<D3,D.my,D.ours,*,*,*,*,*,*,
dokument,stav/archivovat/<str:ident_cely>,dok_archivovat,X,X,X,*,*,X,X,D2,D2,X,X,*,*,X,X,*,*,
dokument,stav/odeslat/<str:ident_cely>,dok_odeslat,X,*,*,*,*,D1,D1,D1,D1,D.my,D.ours,*,*,*,*,*,*,
dokument,stav/vratit/<str:ident_cely>,dok_vratit,X,X,X,*,*,X,X,>D1,>D1,X,X,*,*,X,X,*,*,
dokument,tvar/edit/<str:ident_cely>,dok_tvary_edit,X,*,*,*,*,D1,D1,<D3,<D3,D.my,D.ours,*,*,*,*,*,*,
dokument,tvar/smazat/<str:ident_cely>/<int:pk>,dok_tvary_smazat,X,*,*,*,*,D1,D1,<D3,<D3,D.my,D.ours,*,*,*,*,*,*,
dokument,vyber,,X,*,*,*,*,*,*,*,*,*,*,*,*,*,*,*,*,
dokument,zapsat,,X,X,X,*,*,X,X,*,*,X,X,*,*,X,X,*,*,
dokument,zapsat/do-arch-z/<str:arch_z_ident_cely>,dok_zapsat_do_archz,X,*,*,*,*,AZ1,AZ1,<AZ3,<AZ3,AZ.my,AZ.ours,*,*,*,*,*,*,
dokument,zapsat/do-projektu/<str:proj_ident_cely>,dok_zapsat_do_projekt,X,X,*,*,*,X,P2-P4,P2-P5,P2-P5,X,P.ours,*,*,X,*,*,*,pouze typ průzkum
dokument,zjisti-licenci-organizace/,,X,*,*,*,*,*,*,*,*,*,*,*,*,*,*,*,*,
ext-zdroj,/,,X,*,*,*,*,*,*,*,*,*,*,*,*,*,*,*,*,skrýt `Naše zdroje` pro <C a `Potvrdit` pro <D
ext-zdroj,autocomplete,,X,*,*,*,*,*,*,*,*,*,*,*,*,*,*,*,*,
ext-zdroj,detail/<slug:slug>,,X,*,*,*,*,*,*,*,*,*,*,*,*,*,*,*,*,
ext-zdroj,edit/<slug:slug>,ez_edit,X,*,*,*,*,EZ1,EZ1,<EZ3,<EZ3,EZ.my,EZ.ours,*,*,*,*,*,*,
ext-zdroj,ext-odkaz-tabulka/<str:ident_cely>,,X,*,*,*,*,*,*,*,*,*,*,*,*,*,*,*,*,
ext-zdroj,ext-odkaz/edit/<str:typ_vazby>/<str:ident_cely>/<slug:slug>,eo_edit_ez,X,*,*,*,*,EZ1,EZ1,<EZ3,<EZ3,EZ.my,EZ.ours,*,*,*,*,*,*,
ext-zdroj,ext-odkaz/edit/<str:typ_vazby>/<str:ident_cely>/<slug:slug>,eo_edit_akce,X,*,*,*,*,AZ1,AZ1,<AZ3,<AZ3,AZ.my,AZ.ours,*,*,*,*,*,*,
ext-zdroj,ext-odkaz/odpojit-az/<str:ident_cely>/<int:eo_id>,eo_odpojit_akce,X,*,*,*,*,EZ1,EZ1,<EZ3,<EZ3,EZ.my,EZ.ours,*,*,*,*,*,*,
ext-zdroj,ext-odkaz/odpojit-ez/<str:ident_cely>/<int:eo_id>,eo_odpojit_ez,X,*,*,*,*,AZ1,AZ1,<AZ3,<AZ3,AZ.my,AZ.ours,*,*,*,*,*,*,
ext-zdroj,ext-odkaz/pripojit-az/<str:ident_cely>,eo_pripojit_akce,X,*,*,*,*,EZ1,EZ1,<EZ3,<EZ3,EZ.my,EZ.ours,*,*,*,*,*,*,
ext-zdroj,ext-odkaz/pripojit-ez/<str:ident_cely>,eo_pripojit_ez,X,*,*,*,*,AZ1,AZ1,<AZ3,<AZ3,AZ.my,AZ.ours,*,*,*,*,*,*,
ext-zdroj,radek-tabulky-odkaz,,X,*,*,*,*,*,*,*,*,*,*,*,*,*,*,*,*,
ext-zdroj,smazat/<str:ident_cely>,ez_smazat,X,*,*,*,*,EZ1,EZ1,<EZ3,<EZ3,EZ.my,EZ.ours,*,*,*,*,*,*,
ext-zdroj,stav/odeslat/<str:ident_cely>,ez_odeslat,X,*,*,*,*,EZ1,EZ1,EZ1,EZ1,EZ.my,EZ.ours,*,*,*,*,*,*,
ext-zdroj,stav/potvrdit/<str:ident_cely>,ez_potvrdit,X,X,X,*,*,X,X,EZ2,EZ2,X,X,*,*,X,X,*,*,
ext-zdroj,stav/vratit/<str:ident_cely>,ez_vratit,X,X,X,*,*,X,X,>EZ1,>EZ1,X,X,*,*,X,X,*,*,
ext-zdroj,vyber,,X,*,*,*,*,*,*,*,*,*,*,*,*,*,*,*,*,
ext-zdroj,zapsat,,X,*,*,*,*,*,*,*,*,*,*,*,*,*,*,*,*,
fedora,continue-processing/<str:job_id>,,X,X,X,X,*,X,X,X,*,X,X,X,*,X,X,X,*,
healthcheck,/,,*,*,*,*,*,*,*,*,*,*,*,*,*,*,*,*,*,zavřít mimo localhost
heslar,dokument-format/,,X,*,*,*,*,*,*,*,*,*,*,*,*,*,*,*,*,
heslar,dokument-typ/,,X,*,*,*,*,*,*,*,*,*,*,*,*,*,*,*,*,
heslar,heslar-nazev/autocomplete/,,X,X,X,X,*,X,X,X,*,X,X,X,*,X,X,X,*,
heslar,heslar/autocomplete/,,X,X,X,X,*,X,X,X,*,X,X,X,*,X,X,X,*,
heslar,katastry/,,*,*,*,*,*,*,*,*,*,*,*,*,*,*,*,*,*,
heslar,mapa-zjisti-katastr/,,*,*,*,*,*,*,*,*,*,*,*,*,*,*,*,*,*,
heslar,osoba/autocomplete/,,X,*,*,*,*,*,*,*,*,*,*,*,*,*,*,*,*,
heslar,osoba/zapsat,,X,*,*,*,*,*,*,*,*,*,*,*,*,*,*,*,*,
heslar,pristupnost/,,X,*,*,*,*,*,*,*,*,*,*,*,*,*,*,*,*,
heslar,zjisti-nadrazenou-hodnotu/,,*,*,*,*,*,*,*,*,*,*,*,*,*,*,*,*,*,
heslar,zjisti-vychozi-hodnotu/,,*,*,*,*,*,*,*,*,*,*,*,*,*,*,*,*,*,
historie,arch-z/<str:ident_cely>,,X,*,*,*,*,*,*,*,*,*,*,*,*,*,*,*,*,
historie,dokument/<str:ident_cely>,,X,*,*,*,*,*,*,*,*,*,*,*,*,*,*,*,*,
historie,ez/<str:ident_cely>,,X,*,*,*,*,*,*,*,*,*,*,*,*,*,*,*,*,
historie,lokalita/<str:ident_cely>,,X,*,*,*,*,*,*,*,*,*,*,*,*,*,*,*,*,
historie,pas/<str:ident_cely>,,X,*,*,*,*,* | SN4,* | SN4,*,*,SN.my | *,SN.ours | *,*,*,* | SN (my),* | SN (ours),*,*,
historie,projekt/<str:ident_cely>,,X,X,*,*,*,X,*,*,*,X,*,*,*,X,*,*,*,
historie,soubor/<int:soubor_id>,,X,*,*,*,*,*,*,*,*,*,*,*,*,*,*,*,*,
historie,spoluprace/<int:pk>,,X,*,*,*,*,*,*,*,*,US.my,US.ours,*,*,*,*,*,*,
historie,uzivatel/<str:ident_cely>,,X,*,*,*,*,*,*,*,*,U.my,U.my,*,*,*,*,*,*,
historie,adb/<str:ident_cely>/<str:akce_ident_cely>/<str:dj_ident_cely>,historie_fedora,X,X,X,*,*,X,X,*,*,X,X,*,*,X,X,*,*,
historie,arch-z/<str:ident_cely>,historie_fedora,X,X,X,*,*,X,X,*,*,X,X,*,*,X,X,*,*,
historie,dokument/<str:ident_cely>,historie_fedora,X,X,X,*,*,X,X,*,*,X,X,*,*,X,X,*,*,
historie,ez/<str:ident_cely>,historie_fedora,X,X,X,*,*,X,X,*,*,X,X,*,*,X,X,*,*,
historie,lokalita/<str:ident_cely>,historie_fedora,X,X,X,*,*,X,X,*,*,X,X,*,*,X,X,*,*,
historie,pas/<str:ident_cely>,historie_fedora,X,X,X,*,*,X,X,*,*,X,X,*,*,X,X,*,*,
historie,pian/<str:ident_cely>/<str:akce_ident_cely>/<str:dj_ident_cely>,historie_fedora,X,X,X,*,*,X,X,*,*,X,X,*,*,X,X,*,*,
historie,pian-lokalita/<str:ident_cely>/<str:lokalita_ident_cely>/<str:dj_ident_cely>,historie_fedora,X,X,X,*,*,X,X,*,*,X,X,*,*,X,X,*,*,
historie,projekt/<str:ident_cely>,historie_fedora,X,X,X,*,*,X,X,*,*,X,X,*,*,X,X,*,*,
historie,soubor/<int:soubor_id>,historie_fedora,X,X,X,*,*,X,X,*,*,X,X,*,*,X,X,*,*,
historie,uzivatel/<str:ident_cely>,historie_fedora,X,X,X,*,*,X,X,*,*,X,X,*,*,X,X,*,*,
i18n,setlang/,,*,*,*,*,*,*,*,*,*,*,*,*,*,*,*,*,*,
komponenta,detail/<str:typ_vazby>/<str:ident_cely>,komponenta_detail_akce,X,*,*,*,*,*,*,*,*,*,*,*,*,AZ (my),AZ (ours),*,*,
komponenta,detail/<str:typ_vazby>/<str:ident_cely>,komponenta_detail_dok,X,*,*,*,*,*,*,*,*,*,*,*,*,*,*,*,*,
komponenta,smazat/<str:typ_vazby>/<str:ident_cely>,komponenta_smazat_akce,X,*,*,*,*,AZ1,AZ1,<AZ3,<AZ3,AZ.my,AZ.ours,*,*,*,*,*,*,
komponenta,smazat/<str:typ_vazby>/<str:ident_cely>,komponenta_smazat_dok,X,*,*,*,*,D1,D1,<D3,<D3,D.my,D.ours,*,*,*,*,*,*,
komponenta,zapsat/<str:typ_vazby>/<str:dj_ident_cely>,komponenta_zapsat_akce,X,*,*,*,*,AZ1,AZ1,<AZ3,<AZ3,AZ.my,AZ.ours,*,*,*,*,*,*,
komponenta,zapsat/<str:typ_vazby>/<str:dj_ident_cely>,komponenta_zapsat_dok,X,*,*,*,*,D1,D1,<D3,<D3,D.my,D.ours,*,*,*,*,*,*,
nalez,edit/<str:typ_vazby>/<str:komp_ident_cely>,nalez_edit_akce,X,*,*,*,*,AZ1,AZ1,<AZ3,<AZ3,AZ.my,AZ.ours,*,*,*,*,*,*,
nalez,edit/<str:typ_vazby>/<str:komp_ident_cely>,nalez_edit_dokument,X,*,*,*,*,D1,D1,<D3,<D3,D.my,D.ours,*,*,*,*,*,*,
nalez,smazat/<str:typ_vazby>/<str:typ>/<str:ident_cely>,nalez_smazat_akce,X,*,*,*,*,AZ1,AZ1,<AZ3,<AZ3,AZ.my,AZ.ours,*,*,*,*,*,*,
nalez,smazat/<str:typ_vazby>/<str:typ>/<str:ident_cely>,nalez_smazat_dokument,X,*,*,*,*,D1,D1,<D3,<D3,D.my,D.ours,*,*,*,*,*,*,
neident-akce,edit/<slug:slug>,neident_akce_edit,X,X,X,*,*,X,X,<D3,<D3,X,X,*,*,X,X,*,*,
notifikace-projekty,/,notifikace_projekty,X,X,*,*,*,X,*,*,*,X,U.my,U.my,U.my,X,*,*,*,
notifikace-projekty,smazat/<int:pk>,,X,X,*,*,*,X,*,*,*,X,U.my,U.my,U.my,X,*,*,*,
notifikace-projekty,zapsat/,,X,X,*,*,*,X,*,*,*,X,U.my,U.my,U.my,X,*,*,*,
oznameni,/,,*,*,*,*,*,*,*,*,*,*,*,*,*,*,*,*,*,
oznameni,dokumentace,,*,*,*,*,*,*,*,*,*,*,*,*,*,*,*,*,*,
oznameni,dokumentace/<str:ident_cely>,,*,*,*,*,*,*,*,*,*,*,*,*,*,*,*,*,*,
oznameni,mapa-zjisti-katastr,,*,*,*,*,*,*,*,*,*,*,*,*,*,*,*,*,*,
oznameni,potvrzeni/<str:ident_cely>,,*,*,*,*,*,*,*,*,*,*,*,*,*,*,*,*,*,
oznameni,zapsat/<str:ident_cely>,,*,*,*,*,*,*,*,*,*,*,*,*,*,*,*,*,*,
pas,/,,X,*,*,*,*,*,*,*,*,*,*,*,*,*,*,*,*,skrýt `Naše akce` a `Potvrdit` pro <C a `Archivovat` pro <D
pas,detail/<str:ident_cely>,,X,*,*,*,*,* | SN4,* | SN4,*,*,SN.my | *,SN.ours | *,*,*,* | SN (my),* | SN (ours),*,*,
pas,edit/<str:ident_cely>,pas_edit,X,*,*,*,*,SN1,<SN3,<SN4,<SN4,SN.my,SN.ours,*,*,*,*,*,*,
pas,mapa-zjisti-katastr,,X,*,*,*,*,*,*,*,*,*,*,*,*,*,*,*,*,
pas,mapa-zjisti-katastr-geom,,X,*,*,*,*,*,*,*,*,*,*,*,*,*,*,*,*,
pas,projekt-pas-tabulka/<str:ident_cely>,,X,X,*,*,*,X,P1-P8,*,*,X,*,*,*,X,P (ours),*,*,
pas,smazat/<str:ident_cely>,pas_smazat,X,*,*,*,*,SN1,<SN3,<SN4,<SN4,SN.my,SN.ours,*,*,*,*,*,*,
pas,spoluprace/aktivace-email/<int:pk>,,X,X,*,*,*,X,US1,US1,US1,X,US.ours,*,*,X,*,*,*,
pas,spoluprace/aktivovat/<int:pk>,spoluprace_aktivovat,X,X,*,*,*,X,US1,US1,US1,X,US.ours,*,*,X,*,*,*,
pas,spoluprace/deaktivovat/<int:pk>,spoluprace_deaktivovat,X,*,*,*,*,US2,US2,US2,US2,US.my,US.ours,*,*,*,*,*,*,
pas,spoluprace/smazat/<int:pk>,spoluprace_smazat,X,X,X,X,*,X,X,X,US1,X,X,X,*,X,X,X,*,
pas,spoluprace/vyber,,X,*,*,*,*,*,*,*,*,US.my,US.ours,*,*,*,*,*,*,
pas,spoluprace/zadost,spoluprace_zadost,X,*,X,X,X,*,X,X,X,*,X,X,X,*,X,X,X,
pas,stav/archivovat/<str:ident_cely>,pas_archivovat,X,X,X,*,*,X,X,SN3,SN3,X,X,*,*,X,X,*,*,
pas,stav/odeslat/<str:ident_cely>,pas_odeslat,X,*,*,*,*,SN1,SN1,SN1,SN1,SN.my,SN.ours,*,*,*,*,*,*,
pas,stav/potvrdit/<str:ident_cely>,pas_potvrdit,X,X,*,*,*,X,SN2,SN2,SN2,X,SN.ours,*,*,X,*,*,*,
pas,stav/vratit/<str:ident_cely>,pas_vratit,X,X,*,*,*,X,SN2,>SN1,>SN1,X,SN.ours,*,*,X,*,*,*,
pas,ulozeni/edit/<str:ident_cely>,pas_ulozeni_edit,X,X,*,*,*,X,SN2,<SN4,<SN4,X,SN.ours,*,*,X,*,*,*,
pas,vyber,,X,*,*,*,*,* | SN4,* | SN4,*,*,SN.my | *,SN.ours | *,*,*,* | SN (my),* | SN (ours),*,*,
pas,zapsat,,X,*,*,*,*,*,*,*,*,*,*,*,*,*,*,*,*,
pas,zapsat/<str:ident_cely>,pas_zapsat_do_projektu,X,X,*,*,*,X,P3-P4,P3-P5,P3-P5,X,P.ours,*,*,X,*,*,*,pouze typ průzkum
pas,zapsat/kopie/<str:ident_cely>,,X,*,*,*,*,* | SN4,* | SN4,*,*,SN.my | *,SN.ours | *,*,*,* | SN (my),* | SN (ours),*,*,
pian,autocomplete/,,X,*,*,*,*,*,*,*,*,*,*,*,*,*,*,*,*,
pian,detail/<str:ident_cely>,,X,*,*,*,*,PI1,PI1,PI1,PI1,PI.my,PI.ours,*,*,*,*,*,*,
pian,importovat,pian_import_new,X,*,*,*,*,AZ1,AZ1,<AZ3,<AZ3,AZ.my,AZ.ours,*,*,*,*,*,*,
pian,importovat,pian_import_change,X,*,*,*,*,PI1,PI1,PI1,PI1,PI.my,PI.ours,*,*,*,*,*,*,Pro B a C pouze v AZ1 (hardcoded).
pian,mapa-connections/<str:ident_cely>,,X,*,*,*,*,*,*,*,*,*,*,*,*,PI (my),PI (ours),*,*,
pian,odpojit/<str:dj_ident_cely>,pian_odpojit,X,*,*,*,*,AZ1,AZ1,<AZ3,<AZ3,AZ.my,AZ.ours,*,*,*,*,*,*,
pian,stav/potvrdit/<str:dj_ident_cely>,pian_potvrdit,X,X,X,*,*,X,X,PI1,PI1,X,X,*,*,X,X,*,*,
pian,zapsat/<str:dj_ident_cely>,pian_zapsat,X,*,*,*,*,AZ1,AZ1,<AZ3,<AZ3,AZ.my,AZ.ours,*,*,*,*,*,*,
pid,continue-processing/<str:job_id>/<str:performed_action>,,X,X,X,X,*,X,X,X,*,X,X,X,*,X,X,X,*,
pid,doi-autocomplete,,X,*,*,*,*,*,*,*,*,*,*,*,*,*,*,*,*,
pid,orcid-autocomplete,,*,*,*,*,*,*,*,*,*,*,*,*,*,*,*,*,*,
pid,ror-autocomplete,,X,X,X,X,*,X,X,X,*,X,X,X,*,X,X,X,*,
pid,wikidata-autocomplete,,X,*,*,*,*,*,*,*,*,*,*,*,*,*,*,*,*,
projekt,/,,X,X,*,*,*,X,*,*,*,X,*,*,*,X,*,*,*,"skrýt `Schválit oznámení`, `Archivovat projekty` a `Zrušit` pro <D"
projekt,akce-get-projekt,,X,*,*,*,*,*,*,*,*,*,*,*,*,*,*,*,*,
projekt,autocomplete/<str:typ>,projekt_autocomplete_dokument,X,X,X,*,*,X,X,P2-P6,P2-P6,X,X,*,*,X,*,*,*,
projekt,autocomplete/<str:typ>,projekt_autocomplete_archz,X,X,X,*,*,X,X,P3-P6,P3-P6,X,X,*,*,X,X,*,*,
projekt,detail/<str:ident_cely>,,X,X,*,*,*,X,P1-P8,*,*,X,*,*,*,X,P (ours),*,*,
projekt,detail/<str:ident_cely>,projekt_pas_zobrazit,X,X,*,*,*,X,* | SN4,*,*,X,SN.ours | *,*,*,X,* | SN (ours),*,*,
projekt,dokument/odpojit/<str:proj_ident_cely>/<str:ident_cely>,projekt_dok_odpojit,X,X,*,*,*,X,P2-P4,<P6 | >P6,<P6 | >P6,X,P.ours,*,*,X,*,*,*,pouze typ průzkum
projekt,dokument/pripojit/<str:proj_ident_cely>,projekt_dok_pripojit,X,X,*,*,*,X,P2-P4,P2-P5,P2-P5,X,P.ours,*,*,X,*,*,*,pouze typ průzkum
projekt,edit/<str:ident_cely>,projekt_edit,X,X,*,*,*,X,P2-P4,<P6 | >P6,<P6 | >P6,X,P.ours,*,*,X,*,*,*,speciální chování formuláře pro C
projekt,generovat-expertni-list/<str:ident_cely>,projekt_generovat_exp_list,X,X,*,*,*,X,P4-P6,P4-P6,P4-P6,X,P.ours,*,*,X,*,*,*,pouze typ záchranný
projekt,generovat-oznameni/<str:ident_cely>,projekt_generovat_oznameni,X,X,X,*,*,X,X,>P0,>P0,X,X,*,*,X,X,*,*,pouze typ záchranný
projekt,mapa-pas,,X,X,*,*,*,X,* | SN4,*,*,X,SN.ours | *,*,*,X,* | SN (ours),*,*,
projekt,mapa-pian,,X,X,*,*,*,X,* | PI2,*,*,X,PI.ours | *,*,*,X,* | PI (ours),*,*,
projekt,mapa-projekty,,X,X,*,*,*,X,*,*,*,X,*,*,*,X,P (ours),*,*,
projekt,oznamovatel/edit/<str:ident_cely>,,X,X,X,*,*,X,X,<P6 | >P6,<P6 | >P6,X,X,*,*,X,X,*,*,
projekt,oznamovatel/edit/<str:ident_cely>,projekt_oznamovatel_edit,X,X,X,*,*,X,X,<P6 | >P6,<P6 | >P6,X,X,*,*,X,X,*,*,
projekt,oznamovatel/zapsat/<str:ident_cely>,projekt_oznamovatel_zapsat,X,X,X,*,*,X,X,<P6 | >P6,<P6 | >P6,X,X,*,*,X,X,*,*,
projekt,radek-tabulky-odkaz,,X,X,X,*,*,X,X,*,*,X,X,*,*,X,X,*,*,pouze typ průzkum
projekt,smazat/<str:ident_cely>,projekt_smazat,X,X,X,*,*,X,X,P0,<P6 | >P6,X,X,*,*,X,X,*,*,
projekt,stav/archivovat/<str:ident_cely>,projekt_archivovat,X,X,X,*,*,X,X,P5,P5,X,X,*,*,X,X,*,*,
projekt,stav/navrhnout-ke-zruseni/<str:ident_cely>,projekt_navrh_ke_zruseni,X,X,*,*,*,X,P1 | P2,P1-P5,P1-P5,X,* | P.ours,*,*,X,*,*,*,
projekt,stav/prihlasit/<str:ident_cely>,projekt_prihlasit,X,X,*,*,*,X,P1,P1,P1,X,*,*,*,X,*,*,*,pouze uzivatel.organizace.oao = true; speciální chování formuláře pro C
projekt,stav/schvalit/<str:ident_cely>,projekt_schvalit,X,X,X,*,*,X,X,P0,P0,X,X,*,*,X,X,*,*,
projekt,stav/ukoncit-v-terenu/<str:ident_cely>,projekt_ukoncit_v_terenu,X,X,*,*,*,X,P3,P3,P3,X,P.ours,*,*,X,*,*,*,
projekt,stav/uzavrit/<str:ident_cely>,projekt_uzavrit,X,X,*,*,*,X,P4,P4,P4,X,P.ours,*,*,X,*,*,*,
projekt,stav/vratit-navrh-zruseni/<str:ident_cely>,projekt_vratit_navrh_zruseni,X,X,X,*,*,X,X,P7-P8,P7-P8,X,X,*,*,X,X,*,*,
projekt,stav/vratit/<str:ident_cely>,projekt_vratit,X,X,X,*,*,X,X,P2-P6,P2-P6,X,X,*,*,X,X,*,*,
projekt,stav/zahajit-v-terenu/<str:ident_cely>,projekt_zahajit_v_terenu,X,X,*,*,*,X,P2,P2,P2,X,P.ours,*,*,X,*,*,*,
projekt,stav/zrusit/<str:ident_cely>,projekt_zrusit,X,X,X,*,*,X,X,P7,P7,X,X,*,*,X,X,*,*,
projekt,upravit-datum-oznameni/<str:ident_cely>,projekt_upravit_datum_oznameni,X,X,X,*,*,X,X,<P6 | >P6,<P6 | >P6,X,X,*,*,X,X,*,*,
projekt,vyber,,X,X,*,*,*,X,P1 | >P1,*,*,X,*,*,*,X,* | P (ours),*,*,
projekt,zadost-odhlaseni-projektu/<str:ident_cely>,projekt_zadost_odhlaseni_projektu,X,X,*,X,X,X,P2,X,X,X,P.ours,X,X,X,*,X,X,
projekt,zadost-udaje-oznamovatel/<str:ident_cely>,projekt_zadost_udaje_oznamovatel,X,X,*,X,X,X,*,X,X,X,*,X,X,X,*,X,X,
projekt,zadost-zruseni-projektu/<str:ident_cely>,projekt_zadost_zruseni_projektu,X,X,*,X,X,X,P3-P4,X,X,X,P.ours,X,X,X,*,X,X,
projekt,zapsat,,X,X,*,*,*,X,*,*,*,X,*,*,*,X,*,*,*,
rosetta,/,,X,X,X,X,*,X,X,X,*,X,X,X,*,X,X,X,*,
rosetta,files/,,X,X,X,X,*,X,X,X,*,X,X,X,*,X,X,X,*,
rosetta,files/<po_filter>/,,X,X,X,X,*,X,X,X,*,X,X,X,*,X,X,X,*,
rosetta,files/<po_filter>/<lang_id>/<idx>/,,X,X,X,X,*,X,X,X,*,X,X,X,*,X,X,X,*,
rosetta,files/<po_filter>/<lang_id>/<idx>/download/,,X,X,X,X,*,X,X,X,*,X,X,X,*,X,X,X,*,
rosetta,translate/,,X,X,X,X,*,X,X,X,*,X,X,X,*,X,X,X,*,
uzivatel,autocomplete-public/,,X,*,*,*,*,*,*,*,*,*,*,*,*,*,*,*,*,
uzivatel,autocomplete/,,X,X,X,*,*,X,X,*,*,X,X,*,*,X,X,*,*,
uzivatel,delete-request/,,X,*,*,*,*,*,*,*,*,U.my,U.my,U.my,U.my,*,*,*,*,
uzivatel,edit/,,X,*,*,*,*,*,*,*,*,U.my,U.my,U.my,U.my,*,*,*,*,
uzivatel,notifikace/edit/,,X,*,*,*,*,*,*,*,*,U.my,U.my,U.my,U.my,*,*,*,*,
vypis,<str:typ_vazby>/<str:ident_cely>/,vypis_akce,X,*,*,*,*,*,*,*,*,*,*,*,*,AZ (my),AZ (ours),*,*,
vypis,<str:typ_vazby>/<str:ident_cely>/,vypis_lokalita,X,*,*,*,*,*,*,*,*,*,*,*,*,AZ (my),AZ (ours),*,*,
vypis,<str:typ_vazby>/<str:ident_cely>/,vypis_dokument,X,*,*,*,*,*,*,*,*,*,*,*,*,*,*,*,*,
vypis,<str:typ_vazby>/<str:ident_cely>/,vypis_model3d,X,*,*,*,*,*,*,*,*,*,*,*,*,*,*,*,*,
vypis,<str:typ_vazby>/<str:ident_cely>/,vypis_ez,X,*,*,*,*,*,*,*,*,*,*,*,*,*,*,*,*,
vypis,<str:typ_vazby>/<str:ident_cely>/,vypis_pas,X,*,*,*,*,* | SN4,* | SN4,*,*,SN.my | *,SN.ours | *,*,*,* | SN (my),* | SN (ours),*,*,
vypis,<str:typ_vazby>/<str:ident_cely>/,vypis_projekt,X,X,*,*,*,X,P1-P8,*,*,X,*,*,*,X,P (ours),*,*,
vypis,cisty/<str:typ_vazby>/<str:ident_cely>/,vypis_akce,X,*,*,*,*,*,*,*,*,*,*,*,*,AZ (my),AZ (ours),*,*,
vypis,cisty/<str:typ_vazby>/<str:ident_cely>/,vypis_lokalita,X,*,*,*,*,*,*,*,*,*,*,*,*,AZ (my),AZ (ours),*,*,
vypis,cisty/<str:typ_vazby>/<str:ident_cely>/,vypis_dokument,X,*,*,*,*,*,*,*,*,*,*,*,*,*,*,*,*,
vypis,cisty/<str:typ_vazby>/<str:ident_cely>/,vypis_model3d,X,*,*,*,*,*,*,*,*,*,*,*,*,*,*,*,*,
vypis,cisty/<str:typ_vazby>/<str:ident_cely>/,vypis_ez,X,*,*,*,*,*,*,*,*,*,*,*,*,*,*,*,*,
vypis,cisty/<str:typ_vazby>/<str:ident_cely>/,vypis_pas,X,*,*,*,*,* | SN4,* | SN4,*,*,SN.my | *,SN.ours | *,*,*,* | SN (my),* | SN (ours),*,*,
vypis,cisty/<str:typ_vazby>/<str:ident_cely>/,vypis_projekt,X,X,*,*,*,X,P1-P8,*,*,X,*,*,*,X,P (ours),*,*,
vypis,list/<str:typ_vazby>/<str:identy_cele>/,,X,*,*,*,*,*,*,*,*,*,*,*,*,*,*,*,*,
